{
  "Baden-Württemberg": {
    "Bayern": 0.10586578812234883,
    "Berlin": 0.03954483578077505,
    "Brandenburg": 0.0414689297942725,
    "Bremen": 0.04222655730124694,
    "Hamburg": 0.037862961091544925,
    "Hessen": 0.12623047122306097,
    "Mecklenburg-Vorpommern": 0.03599398729880809,
    "Niedersachsen": 0.05029578276045314,
    "Nordrhein-Westfalen": 0.06276758390930434,
    "Rheinland-Pfalz": 0.13389735968965338,
    "Saarland": 0.12062537015117566,
    "Sachsen": 0.04890936784251659,
    "Sachsen-Anhalt": 0.049092976540422745,
    "Schleswig-Holstein": 0.03258873436405356,
    "Thüringen": 0.07262929413036341
  },
  "Bayern": {
    "Baden-Württemberg": 0.14161916826373167,
    "Berlin": 0.05366335628106592,
    "Brandenburg": 0.05565942170844464,
    "Bremen": 0.046376196118615896,
    "Hamburg": 0.044171328923683965,
    "Hessen": 0.08307284681589573,
    "Mecklenburg-Vorpommern": 0.04426150861185474,
    "Niedersachsen": 0.055289426058078496,
    "Nordrhein-Westfalen": 0.055467102448695745,
    "Rheinland-Pfalz": 0.08507631921204427,
    "Saarland": 0.07544328252213013,
    "Sachsen": 0.07520350677416275,
    "Sachsen-Anhalt": 0.06086683934203307,
    "Schleswig-Holstein": 0.03888992824077191,
    "Thüringen": 0.084939768678791
  },
  "Berlin": {
    "Baden-Württemberg": 0.021963424119334034,
    "Bayern": 0.02228033408144645,
    "Brandenburg": 0.4340603965882384,
    "Bremen": 0.03562662820150479,
    "Hamburg": 0.044087665669986315,
    "Hessen": 0.024977774890092393,
    "Mecklenburg-Vorpommern": 0.06199169743969062,
    "Niedersachsen": 0.045154323555115866,
    "Nordrhein-Westfalen": 0.023522300145051318,
    "Rheinland-Pfalz": 0.024767698113441,
    "Saarland": 0.01938991607604216,
    "Sachsen": 0.0680246952006889,
    "Sachsen-Anhalt": 0.08861449503816464,
    "Schleswig-Holstein": 0.03804001536666342,
    "Thüringen": 0.047498635514539596
  },
  "Brandenburg": {
    "Baden-Württemberg": 0.02193939736757808,
    "Bayern": 0.022012742433542152,
    "Berlin": 0.41346786157558246,
    "Bremen": 0.0360388133461078,
    "Hamburg": 0.04420139188374115,
    "Hessen": 0.025238857467575385,
    "Mecklenburg-Vorpommern": 0.06089931650156315,
    "Niedersachsen": 0.04731241470064815,
    "Nordrhein-Westfalen": 0.023641814486987957,
    "Rheinland-Pfalz": 0.025010787314446704,
    "Saarland": 0.019327187289915376,
    "Sachsen": 0.06789956882520816,
    "Sachsen-Anhalt": 0.10546967018337285,
    "Schleswig-Holstein": 0.03699343556959598,
    "Thüringen": 0.050546741054134696
  },
  "Bremen": {
    "Baden-Württemberg": 0.03208847187542658,
    "Bayern": 0.026344628567700142,
    "Berlin": 0.048744745835629634,
    "Brandenburg": 0.05176449435927032,
    "Hamburg": 0.16090936202326095,
    "Hessen": 0.04580891716590561,
    "Mecklenburg-Vorpommern": 0.08340074424325034,
    "Niedersachsen": 0.15324708688931463,
    "Nordrhein-Westfalen": 0.06184865933799406,
    "Rheinland-Pfalz": 0.04465491902085122,
    "Saarland": 0.03446966138970469,
    "Sachsen": 0.037811668501454454,
    "Sachsen-Anhalt": 0.07022330001498223,
    "Schleswig-Holstein": 0.09357740795891685,
    "Thüringen": 0.05510593281633822
  },
  "Hamburg": {
    "Baden-Württemberg": 0.025723737407075505,
    "Bayern": 0.022433320107178155,
    "Berlin": 0.05392949150870738,
    "Brandenburg": 0.0567614617409054,
    "Bremen": 0.14385913512035678,
    "Hessen": 0.033958684070880166,
    "Mecklenburg-Vorpommern": 0.14604708831346597,
    "Niedersachsen": 0.10402858317644792,
    "Nordrhein-Westfalen": 0.04049135763559784,
    "Rheinland-Pfalz": 0.03330649125456267,
    "Saarland": 0.02623213926080457,
    "Sachsen": 0.0364018374324666,
    "Sachsen-Anhalt": 0.07128763195529385,
    "Schleswig-Holstein": 0.15893432261525145,
    "Thüringen": 0.04660471840100574
  },
  "Hessen": {
    "Baden-Württemberg": 0.03944221303804611,
    "Bayern": 0.019403932720905598,
    "Berlin": 0.014052077834290501,
    "Brandenburg": 0.014906129687532344,
    "Bremen": 0.01883578552715152,
    "Hamburg": 0.015618108344518173,
    "Mecklenburg-Vorpommern": 0.014005884028109936,
    "Niedersachsen": 0.02291934659863772,
    "Nordrhein-Westfalen": 0.03850684646847434,
    "Rheinland-Pfalz": 0.6775514633765463,
    "Saarland": 0.048490312423371776,
    "Sachsen": 0.015639936295242716,
    "Sachsen-Anhalt": 0.019170067697186065,
    "Schleswig-Holstein": 0.012911733411855768,
    "Thüringen": 0.028546162548131037
  },
  "Mecklenburg-Vorpommern": {
    "Baden-Württemberg": 0.02697734339800623,
    "Bayern": 0.024798706522169398,
    "Berlin": 0.08365511059817646,
    "Brandenburg": 0.08627396795698865,
    "Bremen": 0.08225755318084196,
    "Hamburg": 0.16111746929754425,
    "Hessen": 0.03359562121438296,
    "Niedersachsen": 0.08451433964059621,
    "Nordrhein-Westfalen": 0.03664820250738239,
    "Rheinland-Pfalz": 0.03309349125741863,
    "Saarland": 0.026252364709060512,
    "Sachsen": 0.0462298825701253,
    "Sachsen-Anhalt": 0.09056947537359657,
    "Schleswig-Holstein": 0.13285200569238242,
    "Thüringen": 0.051164466081328304
  },
  "Niedersachsen": {
    "Baden-Württemberg": 0.03513353705705134,
    "Bayern": 0.02887127611375923,
    "Berlin": 0.05679098115921694,
    "Brandenburg": 0.062468855620157304,
    "Bremen": 0.14087021266544142,
    "Hamburg": 0.10696051717255453,
    "Hessen": 0.05123838872179847,
    "Mecklenburg-Vorpommern": 0.07876830213100265,
    "Nordrhein-Westfalen": 0.05859611343341711,
    "Rheinland-Pfalz": 0.04988313896142231,
    "Saarland": 0.03538028006837339,
    "Sachsen": 0.04508551256767122,
    "Sachsen-Anhalt": 0.10648481833391434,
    "Schleswig-Holstein": 0.06465561786299913,
    "Thüringen": 0.07881244813122068
  },
  "Nordrhein-Westfalen": {
    "Baden-Württemberg": 0.06201732508953753,
    "Bayern": 0.04096818212690134,
    "Berlin": 0.04184534321558543,
    "Brandenburg": 0.04415262788679837,
    "Bremen": 0.08041638541471112,
    "Hamburg": 0.05888714033525104,
    "Hessen": 0.12176388632165308,
    "Mecklenburg-Vorpommern": 0.048312674079111564,
    "Niedersachsen": 0.08288121839212548,
    "Rheinland-Pfalz": 0.11569206425512289,
    "Saarland": 0.08997049593724542,
    "Sachsen": 0.04097842929802652,
    "Sachsen-Anhalt": 0.05689197251128428,
    "Schleswig-Holstein": 0.048432890359559354,
    "Thüringen": 0.06678936477708676
  },
  "Rheinland-Pfalz": {
    "Baden-Württemberg": 0.04183591766632707,
    "Bayern": 0.01987099316615552,
    "Berlin": 0.013933257400628597,
    "Brandenburg": 0.014770757997261111,
    "Bremen": 0.01836044623448443,
    "Hamburg": 0.015317457264925286,
    "Hessen": 0.6775205975706124,
    "Mecklenburg-Vorpommern": 0.013795919498181422,
    "Niedersachsen": 0.022312115922496302,
    "Nordrhein-Westfalen": 0.03658501503332111,
    "Saarland": 0.05021041314554948,
    "Sachsen": 0.01562167745389387,
    "Sachsen-Anhalt": 0.018898989492047106,
    "Schleswig-Holstein": 0.01270102790944221,
    "Thüringen": 0.02826541424467381
  },
  "Saarland": {
    "Baden-Württemberg": 0.12071246255733743,
    "Bayern": 0.05643748112886157,
    "Berlin": 0.03493647699044705,
    "Brandenburg": 0.036557815707817805,
    "Bremen": 0.04539281411009515,
    "Hamburg": 0.03863915920459332,
    "Hessen": 0.15529996645102642,
    "Mecklenburg-Vorpommern": 0.03505198834487089,
    "Niedersachsen": 0.05068557925995749,
    "Nordrhein-Westfalen": 0.09112466535908827,
    "Rheinland-Pfalz": 0.16081626052671014,
    "Sachsen": 0.038739510466394574,
    "Sachsen-Anhalt": 0.044001666882963524,
    "Schleswig-Holstein": 0.03338460255624667,
    "Thüringen": 0.05821955045358981
  },
  "Sachsen": {
    "Baden-Württemberg": 0.04770568344870304,
    "Bayern": 0.054833978887866404,
    "Berlin": 0.11946327196335098,
    "Brandenburg": 0.12518238520457306,
    "Bremen": 0.048533381795444204,
    "Hamburg": 0.05226150184345345,
    "Hessen": 0.048822046635681446,
    "Mecklenburg-Vorpommern": 0.06016329890651564,
    "Niedersachsen": 0.06295421037935696,